id,nome,ativo
1,Dom Quixote,true
2,Guerra e Paz,true
3,Cem Anos de Solidão,true
4,1984,true
5,Orgulho e Preconceito,true
6,O Senhor dos Anéis,true
7,Frankenstein,true
8,Hamlet,true
9,Dom Casmurro,true
10,A Máquina do Tempo,true
11,Fahrenheit 451,true
12,Moby Dick,true
13,Para Matar um Mockingbird,true
14,Grande Sertão: Veredas,true
15,A Revolução dos Bichos,true
16,Os Miseráveis,true
17,Alice no País das Maravilhas,true
18,O Pequeno Príncipe,true
19,Dom Casmurro,true
20,O Alquimista,true